{
  "accuracy": 0.991,
  "precision": 0.9464,
  "recall": 0.7794,
  "roc_auc": 0.9862,
  "confusion_matrix": [
    [
      1929,
      3
    ],
    [
      15,
      53
    ]
  ],
  "classification_report": {
    "0": {
      "precision": 0.9922839506172839,
      "recall": 0.9984472049689441,
      "f1-score": 0.9953560371517027,
      "support": 1932.0
    },
    "1": {
      "precision": 0.9464285714285714,
      "recall": 0.7794117647058824,
      "f1-score": 0.8548387096774194,
      "support": 68.0
    },
    "accuracy": 0.991,
    "macro avg": {
      "precision": 0.9693562610229276,
      "recall": 0.8889294848374132,
      "f1-score": 0.9250973734145611,
      "support": 2000.0
    },
    "weighted avg": {
      "precision": 0.9907248677248678,
      "recall": 0.991,
      "f1-score": 0.9905784480175771,
      "support": 2000.0
    }
  }
}